query,answer,description,sku,original_request,description,sku,items_count,mass_units,length_units,length,mass
2000x1000x6 chapa inox 304 l/C 1 ud,CHAPA INOX. 2000x1000x6 A304L LC,CHAPA INOX. 2000x1000x6 A304L LC,111420100060,2000x1000x6 chapa inox 304 l/c 1 ud,chapa inox. 2000x1000x6 a304l lc,111420100060,1,,,,
"angulo inox a304 20x20x3mm= 24 mts,",ANGULOS 20x20x3 A-304 L.C.,ANGULOS 20x20x3 A-304 L.C.,271402002003,"angulo inox a304 20x20x3mm= 24 mts,",angulos 20x20x3 a-304 l.c.,271402002003,1,,m,24.0,
"1 angulo 25x25x3 aisi 304 lc,",ANGULOS 25x25x3 A-304 L.C.,ANGULOS 25x25x3 A-304 L.C.,271402502503,"1 angulo 25x25x3 aisi 304 lc,",angulos 25x25x3 a-304 l.c.,271402502503,1,,,,
"angulo inox a304 25x25x3mm = 24 mts,",ANGULOS 25x25x3 A-304 L.C.,ANGULOS 25x25x3 A-304 L.C.,271402502503,"angulo inox a304 25x25x3mm = 24 mts,",angulos 25x25x3 a-304 l.c.,271402502503,1,,m,24.0,
ANGULO AISI304 25X25X3 MM,ANGULOS 25x25x3 A-304 L.C.,ANGULOS 25x25x3 A-304 L.C.,271402502503,angulo aisi304 25x25x3 mm,angulos 25x25x3 a-304 l.c.,271402502503,,,,,
"1 ud angulo en acero inoxidable de 316 de x 25x25x3,",ANGULOS 25x25x3 A-316 L.C.,ANGULOS 25x25x3 A-316 L.C.,275402502503,"1 ud angulo en acero inoxidable de 316 de x 25x25x3,",angulos 25x25x3 a-316 l.c.,275402502503,1,,,,
"angulo inox a304 30x30x3mm = 24 mts,",ANGULOS 30x30x3 A-304 L.C.,ANGULOS 30x30x3 A-304 L.C.,271403003003,"angulo inox a304 30x30x3mm = 24 mts,",angulos a304 30x30x3 lc pulido,271203003003,1,,m,24.0,
1 ANGULO 30X3 AISI 304,ANGULOS 30x30x3 A-304 L.C.,ANGULOS 30x30x3 A-304 L.C.,271403003003,1 angulo 30x3 aisi 304,angulos 30x30x3 a-304 l.c.,271403003003,1,,,,
"1 angulo 40x40x4 aisi 304 lc,",ANGULOS 40x40x4 A-304 L.C.,ANGULOS 40x40x4 A-304 L.C.,271404004004,"1 angulo 40x40x4 aisi 304 lc,",angulos 40x40x4 a-304 l.c.,271404004004,1,,,,
"1 angulo 40x40x4 aisi 304 lc,",ANGULOS 40x40x4 A-304 L.C.,ANGULOS 40x40x4 A-304 L.C.,271404004004,"1 angulo 40x40x4 aisi 304 lc,",angulos 40x40x4 a-304 l.c.,271404004004,1,,,,
"1 angulo 40x40x4 aisi 304 lc,",ANGULOS 40x40x4 A-304 L.C.,ANGULOS 40x40x4 A-304 L.C.,271404004004,"1 angulo 40x40x4 aisi 304 lc,",angulos 40x40x4 a-304 l.c.,271404004004,1,,,,
"angulo inox a304 40x40x4mm = 24 mts,",ANGULOS 40x40x4 A-304 L.C.,ANGULOS 40x40x4 A-304 L.C.,271404004004,"angulo inox a304 40x40x4mm = 24 mts,",angulos 40x40x4 a-304 l.c.,271404004004,1,,m,24.0,
"1 paq. angulo 40x40x4 a-304,",ANGULOS 40x40x4 A-304 L.C.,ANGULOS 40x40x4 A-304 L.C.,271404004004,"1 paq. angulo 40x40x4 a-304,",angulos a304 40x40x4 lc pulido,271204004004,1,,,,
PERFIL ANGULAR 40x40x4 INOX,ANGULOS 40x40x4 A-304 L.C.,ANGULOS 40x40x4 A-304 L.C.,271404004004,perfil angular 40x40x4 inox,angulos 40x40x4 a-304 l.c.,271404004004,,,,,
"5. Ã¡ngulo 50x50x5 inox304,",ANGULOS 50x50x5 A-304 L.C.,ANGULOS 50x50x5 A-304 L.C.,271405005005,"5. ã¡ngulo 50x50x5 inox304,",angulos 50x50x5 a-304 l.c.,271405005005,5,,,,
"1 paq. angulo 50x50x5 a-304,",ANGULOS 50x50x5 A-304 L.C.,ANGULOS 50x50x5 A-304 L.C.,271405005005,"1 paq. angulo 50x50x5 a-304,",angulos 50x50x5 a-304 l.c.,271405005005,1,,,,
"angulo inox a304 30x30x1mm pulido = 60 mts,",ANGULOS A304 30x30x1 PULIDOS,ANGULOS A304 30x30x1 PULIDOS,3L12303010,"angulo inox a304 30x30x1mm pulido = 60 mts,",angulos a304 30x30x1 pulidos,3l12303010,1,,m,60.0,
"angulo inox a304 40x40x1,5mm pulido = 6 mts,","ANGULOS A304 40x40x1,5 PULIDOS","ANGULOS A304 40x40x1,5 PULIDOS",3L12404015,"angulo inox a304 40x40x1,5mm pulido = 6 mts,","angulos a304 40x40x1,5 pulidos",3l12404015,1,,m,6.0,
Brida plana EN-1092-1 Type 1 PN-10 DN600 A-304,"BRIDA PLANA DIN2576 01A DN600/609,6 PN10 ISO A304","BRIDA PLANA DIN2576 01A DN600/609,6 PN10 ISO A304",40G1025766006100,brida plana en-1092-1 type 1 pn-10 dn600 a-304,brida plana en1092-1 01a dn200/204 pn10 mm a304,40g1025762002040,,,,,
Brida plana EN-1092-1 Type 1 PN-10 DN100 A-304,"BRIDA PLANA EN1092-1 01A DN100/114,3 PN10/16 ISO A304","BRIDA PLANA EN1092-1 01A DN100/114,3 PN10/16 ISO A304",40G1025761001143,brida plana en-1092-1 type 1 pn-10 dn100 a-304,brida ciega en1092-1-05a dn100 pn10/16  a304,40h102527100,,,,,
Brida plana EN-1092-1 Type 1 PN-10 DN200 A-304,"BRIDA PLANA EN1092-1 01A DN200/219,3 PN10 ISO A304","BRIDA PLANA EN1092-1 01A DN200/219,3 PN10 ISO A304",40G1025762002193,brida plana en-1092-1 type 1 pn-10 dn200 a-304,brida ciega en1092-1-05a dn200 pn10  a304,40h102527200,,,,,
Brida plana EN-1092-1 Type 1 PN-10 DN400 A-304,"BRIDA PLANA EN1092-1 01A DN400/406,4 PN10 ISO A304","BRIDA PLANA EN1092-1 01A DN400/406,4 PN10 ISO A304",40G1025764004064,brida plana en-1092-1 type 1 pn-10 dn400 a-304,brida ciega en1092-1-05a dn400 pn10  a304,40h102527400,,,,,
4 bridas Ø2”,"BRIDA PLANA EN1092-1 01A DN50/60,3 PN10/40 ISO A316","BRIDA PLANA EN1092-1 01A DN50/60,3 PN10/40 ISO A316",40G5025760500603,4 bridas de 2”,redondo inox. a-304 de 2,21100020,4,,,,
3 bridas en 3,"BRIDA PLANA EN1092-1 01A DN80/88,9 PN10/16 ISO A304","BRIDA PLANA EN1092-1 01A DN80/88,9 PN10/16 ISO A304",40G1025760800889,3 bridas en 3,redondo inox. a-303 de 3,21200030,,,,,
"304-2B 2000X1000X0,5","CHAPA INOX. 2000x1000x0,5 A304 2B","CHAPA INOX. 2000x1000x0,5 A304 2B",111120100005,"304-2b 2000x1000x0,5","chapa inox. 2000x1000x0,5 a304 2b",111120100005,1,,,,
"6 chapas satinado scoht 2000 x 1000 x 0,8 protegido 1 cara,","CHAPA INOX. 2000x1000x0,8 A304 SAT+PVC","CHAPA INOX. 2000x1000x0,8 A304 SAT+PVC",111320100008,"6 chapas satinado scoht 2000 x 1000 x 0,8 protegido 1 cara,","chapa inox. 2000x1000x0,8 a304 sat+pvc",111320100008,6,,,,
"1 caja 2*1000*0,8 SAT","CHAPA INOX. 2000x1000x0,8 A304 SAT+PVC","CHAPA INOX. 2000x1000x0,8 A304 SAT+PVC",111320100008,"1 caja 2*1000*0,8 sat","chapa inox. 2000x1000x0,8 a430 2b",119120100008,1,,,,
"15 chapas en ac inox 304 2b 2000x1000x1mm,",CHAPA INOX. 2000x1000x1 A304 2B,CHAPA INOX. 2000x1000x1 A304 2B,111120100010,"15 chapas en ac inox 304 2b 2000x1000x1mm,",chapa inox. 2000x1000x1 a304 2b,111120100010,15,,,,
"2 chapa 2000x1000x1 inox 304 2b,",CHAPA INOX. 2000x1000x1 A304 2B,CHAPA INOX. 2000x1000x1 A304 2B,111120100010,"2 chapa 2000x1000x1 inox 304 2b,",chapa inox. 2000x1000x1 a304 2b,111120100010,2,,,,
304 2B – 2000x1000x1 …………….. 25 chapas,CHAPA INOX. 2000x1000x1 A304 2B,CHAPA INOX. 2000x1000x1 A304 2B,111120100010,304 2b – 2000x1000x1 …………….. 25 chapas,chapa inox. 2000x1000x1 a304 2b,111120100010,25,,,,
2000x1000x1 chapa inxo 304 satinada + pvc 3 uds,CHAPA INOX. 2000x1000x1 A304 SAT+PVC,CHAPA INOX. 2000x1000x1 A304 SAT+PVC,111320100010,2000x1000x1 chapa inxo 304 satinada + pvc 3 uds,chapa inox. 2000x1000x1 a304 sat+pvc,111320100010,3,,,,
316 2B – 2000x1000x1 …………….. 25 chapas,CHAPA INOX. 2000x1000x1 A316L 2B,CHAPA INOX. 2000x1000x1 A316L 2B,115120100010,316 2b – 2000x1000x1 …………….. 25 chapas,chapa inox. 2000x1000x1 a316l 2b,115120100010,25,,,,
"chapa 2000x1000x1,2 1.4301 bap,","CHAPA INOX. 2000x1000x1,2 A304 BAP","CHAPA INOX. 2000x1000x1,2 A304 BAP",111220100012,"chapa 2000x1000x1,2 1.4301 bap,","chapa inox. 2000x1000x1,2 a304 bap",111220100012,,,,,
"chapa 2000*1000*1,2 1.4301 sat+pvc,","CHAPA INOX. 2000x1000x1,2 A304 SAT+PVC","CHAPA INOX. 2000x1000x1,2 A304 SAT+PVC",111320100012,"chapa 2000*1000*1,2 1.4301 sat+pvc,","chapa inox. 2000x1000x1,2 a430 sat+pvc",119320100012,,,,,
"chapa inox a304 2000x1000x1,5mm 2b = 10 unds,","CHAPA INOX. 2000x1000x1,5 A304 2B","CHAPA INOX. 2000x1000x1,5 A304 2B",111120100015,"chapa inox a304 2000x1000x1,5mm 2b = 10 unds,","chapa inox. 2000x1000x1,5 a304 2b",111120100015,10,,,,
"4 chapas en ac inox 304 2b 2000x1000x1,5mm,","CHAPA INOX. 2000x1000x1,5 A304 2B","CHAPA INOX. 2000x1000x1,5 A304 2B",111120100015,"4 chapas en ac inox 304 2b 2000x1000x1,5mm,","chapa inox. 2000x1000x1,5 a304 2b",111120100015,4,,,,
"CHAPA INOX A304 2000x1000x1,5mm 2B = 1 unds","CHAPA INOX. 2000x1000x1,5 A304 2B","CHAPA INOX. 2000x1000x1,5 A304 2B",111120100015,"chapa inox a304 2000x1000x1,5mm 2b = 1 unds","chapa inox. 2000x1000x1,5 a304 2b",111120100015,1,,,,
CHAPA AISI 304 2000X1000X1.5MM 1 UNIDAD,"CHAPA INOX. 2000x1000x1,5 A304 2B","CHAPA INOX. 2000x1000x1,5 A304 2B",111120100015,chapa aisi 304 2000x1000x1.5mm 1 unidad,"chapa inox. 2000x1000x1,5 a304 2b",111120100015,1,,,,
"1 chapa de 2000x1000x1,5 en aisi-304 2b+pvc,","CHAPA INOX. 2000x1000x1,5 A304 2B + PVC","CHAPA INOX. 2000x1000x1,5 A304 2B + PVC",111P20100015,"1 chapa de 2000x1000x1,5 en aisi-304 2b+pvc,","chapa inox. 2000x1000x1,5 a304 2b + pvc",111p20100015,1,,,,
"2 chapa 2000x1000x1.5 inox 304 satin + pvc,","CHAPA INOX. 2000x1000x1,5 A304 SAT+PVC","CHAPA INOX. 2000x1000x1,5 A304 SAT+PVC",111320100015,"2 chapa 2000x1000x1.5 inox 304 satin + pvc,","chapa inox. 2000x1000x1,5 a304 sat+pvc",111320100015,2,,,,
"chapa lc 2000x1000x10mm a304 --> 2 unidades,",CHAPA INOX. 2000x1000x10 A304L LC,CHAPA INOX. 2000x1000x10 A304L LC,111420100100,"chapa lc 2000x1000x10mm a304 --> 2 unidades,",chapa inox. 2000x1000x10 a304l lc,111420100100,2,,,,
"1 chapa AISI 310 , espesor 15mm , de 2000x1000mm",CHAPA INOX. 2000x1000x15 A310s LC - 1.4845,CHAPA INOX. 2000x1000x15 A310s LC - 1.4845,117420100150,"1 chapa aisi 310 , espesor 15mm , de 2000x1000mm",chapa inox. 2000x1000x15 a310s lc - 1.4845,117420100150,1,,,,
"chapa inox a304 2000x1000x2mm 2b = 5 unds,",CHAPA INOX. 2000x1000x2 A304 2B,CHAPA INOX. 2000x1000x2 A304 2B,111120100020,"chapa inox a304 2000x1000x2mm 2b = 5 unds,",chapa inox. 2000x1000x2 a304 2b,111120100020,5,,,,
"10 chapas 2000x1000x2 inox 304 2b,",CHAPA INOX. 2000x1000x2 A304 2B,CHAPA INOX. 2000x1000x2 A304 2B,111120100020,"10 chapas 2000x1000x2 inox 304 2b,",chapa inox. 2000x1000x2 a304 2b,111120100020,10,,,,
"4 tableros de aisi-304 2000x1000x2 2b sin proteger certificado 3.1 certificado rohs y reach,",CHAPA INOX. 2000x1000x2 A304 2B,CHAPA INOX. 2000x1000x2 A304 2B,111120100020,"4 tableros de aisi-304 2000x1000x2 2b sin proteger certificado 3.1 certificado rohs y reach,",chapa inox. 2000x1000x2 a304 2b,111120100020,1,,,,
"5 chapa 2000x1000x2 inox 304 2b,",CHAPA INOX. 2000x1000x2 A304 2B,CHAPA INOX. 2000x1000x2 A304 2B,111120100020,"5 chapa 2000x1000x2 inox 304 2b,",chapa inox. 2000x1000x2 a304 2b,111120100020,5,,,,
304 SAT 2000X1000X2,CHAPA INOX. 2000x1000x2 A304 SAT+PVC,CHAPA INOX. 2000x1000x2 A304 SAT+PVC,111320100020,304 sat 2000x1000x2,chapa inox. 2000x1000x2 a304 sat+pvc,111320100020,1,,,,
CHAPA AISI 316 2000X1000X2MM 2 UNIDADES,CHAPA INOX. 2000x1000x2 A316L 2B,CHAPA INOX. 2000x1000x2 A316L 2B,115120100020,chapa aisi 316 2000x1000x2mm 2 unidades,chapa inox. 2000x1000x2 a316l 2b,115120100020,2,,,,
1 chapa AISI 430 2000x1000x2,CHAPA INOX. 2000x1000x2 A430 BAP,CHAPA INOX. 2000x1000x2 A430 BAP,119220100020,1 chapa aisi 430 2000x1000x2,chapa inox. 2000x1000x2 a430 2b,119120100020,1,,,,
"304-2B 2000X1000X2,5","CHAPA INOX. 2000x1000x2,5 A304 2B","CHAPA INOX. 2000x1000x2,5 A304 2B",111120100025,"304-2b 2000x1000x2,5","chapa inox. 2000x1000x2,5 a304 2b",111120100025,1,,,,
1 Chapa 2000x1000x20,CHAPA INOX. 2000x1000x20 A304L LC,CHAPA INOX. 2000x1000x20 A304L LC,111420100200,1 chapa 2000x1000x20,chapa inox. 2000x1000x20 a304l lc,111420100200,1,,,,
"4 chapa 2000x1000x3 inox 304 2b,",CHAPA INOX. 2000x1000x3 A304 2B,CHAPA INOX. 2000x1000x3 A304 2B,111120100030,"4 chapa 2000x1000x3 inox 304 2b,",chapa inox. 2000x1000x3 a304 2b,111120100030,4,,,,
CHAPA AISI 304 2000X1000X3MM 1 UNIDAD,CHAPA INOX. 2000x1000x3 A304 2B,CHAPA INOX. 2000x1000x3 A304 2B,111120100030,chapa aisi 304 2000x1000x3mm 1 unidad,chapa inox. 2000x1000x3 a304 2b,111120100030,1,,,,
CHAPA ACERO INOX 3X1000X2000 AISI-304 MATE 48,CHAPA INOX. 2000x1000x3 A304 2B,CHAPA INOX. 2000x1000x3 A304 2B,111120100030,chapa acero inox 3x1000x2000 aisi-304 mate 48,chapa inox. 2000x1000x3 a304l lc,111420100030,48,,,,
chapa de 2000 x 1000 x 3 en brillo espejo.,CHAPA INOX. 2000x1000x3 A304 PULIDO M+PVC,CHAPA INOX. 2000x1000x3 A304 PULIDO M+PVC,111520100030,chapa de 2000 x 1000 x 3 en brillo espejo.,chapa inox. 2000x1000x3 a304 pulido m+pvc,111520100030,,,,,
"chapa 2000*1000*3 1.4301 sat+pvc (el recubrimiento de pvc debe ser especial para corte laser),",CHAPA INOX. 2000x1000x3 A304 SATIN+PVC,CHAPA INOX. 2000x1000x3 A304 SATIN+PVC,111320100030,"chapa 2000*1000*3 1.4301 sat+pvc (el recubrimiento de pvc debe ser especial para corte laser),",chapa inox. 2000x1000x3 a304 satin 2 caras + pvc,111s20100030,,,,,
"1 tablero de 2000x1000x3 de aisi 316 2b sin prt,",CHAPA INOX. 2000x1000x3 A316L 2B,CHAPA INOX. 2000x1000x3 A316L 2B,115120100030,"1 tablero de 2000x1000x3 de aisi 316 2b sin prt,",chapa inox. 2000x1000x3 a316l 2b,115120100030,1,,,,
"chapa 2b 2000x1000x4 a304,",CHAPA INOX. 2000x1000x4 A304L 2B,CHAPA INOX. 2000x1000x4 A304L 2B,111120100040,"chapa 2b 2000x1000x4 a304,",chapa inox. 2000x1000x4 a304l 2b,111120100040,1,,,,
"1 chapa 2000x1000x4mm pulido 1 cara a316,",CHAPA INOX. 2000x1000x4 A316 PULIDA M+PVC,CHAPA INOX. 2000x1000x4 A316 PULIDA M+PVC,115520100040,"1 chapa 2000x1000x4mm pulido 1 cara a316,",chapa inox. 2000x1000x4 a316 pulida m+pvc,115520100040,1,,,,
"1 tablero de 2000x1000x4 de aisi 316 2b sin prt,",CHAPA INOX. 2000x1000x4 A316L 2B,CHAPA INOX. 2000x1000x4 A316L 2B,115120100040,"1 tablero de 2000x1000x4 de aisi 316 2b sin prt,",chapa inox. 2000x1000x4 a316l 2b,115120100040,1,,,,
24 chapas 316 2000x1000x4 LC,CHAPA INOX. 2000x1000x4 A316L LC,CHAPA INOX. 2000x1000x4 A316L LC,115420100040,24 chapas 316 2000x1000x4 lc,chapa inox. 2000x1000x4 a316l lc,115420100040,24,,,,
1 304L 2000X1000X5,CHAPA INOX. 2000x1000x5 A304L LC,CHAPA INOX. 2000x1000x5 A304L LC,111420100050,1 304l 2000x1000x5,chapa inox. 2000x1000x5 a304l lc,111420100050,1,,,,
CHAPA AISI 316 2000X1000X5MM 1 UNIDAD,CHAPA INOX. 2000x1000x5 A316L 2B,CHAPA INOX. 2000x1000x5 A316L 2B,115120100050,chapa aisi 316 2000x1000x5mm 1 unidad,chapa inox. 2000x1000x5 a316l lc,115420100050,1,,,,
1 chapa 316 2000x1000x5 LC,CHAPA INOX. 2000x1000x5 A316L LC,CHAPA INOX. 2000x1000x5 A316L LC,115420100050,1 chapa 316 2000x1000x5 lc,chapa inox. 2000x1000x5 a316l lc,115420100050,1,,,,
2 Uds. CHAPA AISI 316L 2000x1000x5,CHAPA INOX. 2000x1000x5 A316L LC,CHAPA INOX. 2000x1000x5 A316L LC,115420100050,2 uds. chapa aisi 316l 2000x1000x5,chapa inox. 2000x1000x5 a316l lc,115420100050,2,,,,
"aisi 304 pulido 2000x1000x6 1 chapa,",CHAPA INOX. 2000x1000x6 A304 PULIDO M+PVC,CHAPA INOX. 2000x1000x6 A304 PULIDO M+PVC,111520100060,"aisi 304 pulido 2000x1000x6 1 chapa,",chapa inox. 2000x1000x6 a304 pulido m+pvc,111520100060,1,,,,
2 uds chapa 1000x2000x6 a-304 (igual que antes),CHAPA INOX. 2000x1000x6 A304L LC,CHAPA INOX. 2000x1000x6 A304L LC,111420100060,2 uds chapa 1000x2000x6 a-304 (igual que antes),chapa inox. 2000x1000x6 a304l lc,111420100060,2,,,,
"chapa 2000x1000x8 a310 --> 3 ud,",CHAPA INOX. 2000x1000x8 A310s LC - 1.4845,CHAPA INOX. 2000x1000x8 A310s LC - 1.4845,117420100080,"chapa 2000x1000x8 a310 --> 3 ud,",chapa inox. 2000x1000x8 a310s lc - 1.4845,117420100080,3,,,,
"1 chapa en ac inox 304 2b 2500x1250x1,5mm,","CHAPA INOX. 2500x1250x1,5 A304 2B","CHAPA INOX. 2500x1250x1,5 A304 2B",111125125015,"1 chapa en ac inox 304 2b 2500x1250x1,5mm,","chapa inox. 2500x1250x1,5 a304 2b",111125125015,1,,,,
"1 chapa de 3000x1000x1,5 en aisi-304 2b+pvc,","CHAPA INOX. 3000x1000x1,5 A304 2B + PVC","CHAPA INOX. 3000x1000x1,5 A304 2B + PVC",111P30100015,"1 chapa de 3000x1000x1,5 en aisi-304 2b+pvc,","chapa inox. 3000x1000x1,5 a304 2b + pvc",111p30100015,1,,,,
30 CHAPAS A-430 3000X1250X1 BRILLO/PVC,CHAPA INOX. 3000x1250x1 A430 BAP,CHAPA INOX. 3000x1250x1 A430 BAP,119230125010,30 chapas a-430 3000x1250x1 brillo/pvc,chapa inox. 3000x1250x1 a430 bap,119230125010,30,,,,
"chapa 3000x1250x1, 2 1.4301 bap,","CHAPA INOX. 3000x1250x1,2 A304 BAP","CHAPA INOX. 3000x1250x1,2 A304 BAP",111230125012,"chapa 3000x1250x1, 2 1.4301 bap,",chapa inox. 3000x1250x1 a304 bap,111230125010,,,,,
"chapa inox a304 3000x1250x1,5mm 2b = 12 unds,","CHAPA INOX. 3000x1250x1,5 A304 2B","CHAPA INOX. 3000x1250x1,5 A304 2B",111130125015,"chapa inox a304 3000x1250x1,5mm 2b = 12 unds,","chapa inox. 3000x1250x1,5 a304 2b",111130125015,12,,,,
"chapa inox a304 3000x1250x1,5mm 2b = 3 unds,","CHAPA INOX. 3000x1250x1,5 A304 2B","CHAPA INOX. 3000x1250x1,5 A304 2B",111130125015,"chapa inox a304 3000x1250x1,5mm 2b = 3 unds,","chapa inox. 3000x1250x1,5 a304 2b",111130125015,3,,,,
"3000x1250x1,5 chapa inox 304 pulido + pvc 2 uds,","CHAPA INOX. 3000x1250x1,5 A304 BAP","CHAPA INOX. 3000x1250x1,5 A304 BAP",111230125015,"3000x1250x1,5 chapa inox 304 pulido + pvc 2 uds,","chapa inox. 3000x1250x1,5 a304 bap",111230125015,2,,,,
"8 chapas de 3000*1250*1.5 satinadas.,","CHAPA INOX. 3000x1250x1,5 A304 SATIN+PVC","CHAPA INOX. 3000x1250x1,5 A304 SATIN+PVC",111330125015,"8 chapas de 3000*1250*1.5 satinadas.,","chapa inox. 3000x1250x1,5 a430 sat+pvc",119330125015,8,,,,
CHAPA ACERO INOX 2X1250X3000 AISI-304 ESMERILADO FINO (60) PLASTIFICADO 100MICRAS LASER FIBRA 1 CARA,CHAPA INOX. 3000x1250x2 A304 SATIN+PVC,CHAPA INOX. 3000x1250x2 A304 SATIN+PVC,111330125020,chapa acero inox 2x1250x3000 aisi-304 esmerilado fino (60) plastificado 100micras laser fibra 1 cara,"chapa inox. 3000x1250x1,2 a304 esm.gr-220+pvc",111830125012,,,,,
"4 chapas 3000x1250x3 mm en 304 2b,",CHAPA INOX. 3000x1250x3 A304 2B,CHAPA INOX. 3000x1250x3 A304 2B,111130125030,"4 chapas 3000x1250x3 mm en 304 2b,",chapa inox. 3000x1250x3 a304 2b,111130125030,4,,,,
"chapa inox a304 3000x1500x0,8mm satinada = 20 unds,","CHAPA INOX. 3000x1500x0,8 A304 SATIN+PVC","CHAPA INOX. 3000x1500x0,8 A304 SATIN+PVC",111330150008,"chapa inox a304 3000x1500x0,8mm satinada = 20 unds,","chapa inox. 3000x1500x0,8 a304 satin+pvc",111330150008,20,,,,
304SAT 3000X1500X1,CHAPA INOX. 3000x1500x1 A304 SATIN+PVC,CHAPA INOX. 3000x1500x1 A304 SATIN+PVC,111330150010,304sat 3000x1500x1,chapa inox. 3000x1500x1 a304 satin 2 caras + pvc,111s30150010,1,,,,
"10 chapas 3000x1500x1mm 2b 316,",CHAPA INOX. 3000x1500x1 A316L 2B,CHAPA INOX. 3000x1500x1 A316L 2B,115130150010,"10 chapas 3000x1500x1mm 2b 316,",chapa inox. 3000x1500x1 a316l 2b,115130150010,10,,,,
"chapa 2b 3000x1500x1 a316 --> 3 ud,",CHAPA INOX. 3000x1500x1 A316L 2B,CHAPA INOX. 3000x1500x1 A316L 2B,115130150010,"chapa 2b 3000x1500x1 a316 --> 3 ud,",chapa inox. 3000x1500x1 a316l 2b,115130150010,3,,,,
"CHAPA INOX A304 3000x1500x1,2mm 2B = 1 und","CHAPA INOX. 3000x1500x1,2 A304 2B","CHAPA INOX. 3000x1500x1,2 A304 2B",111130150012,"chapa inox a304 3000x1500x1,2mm 2b = 1 und","chapa inox. 3000x1500x1,2 a304 2b",111130150012,1,,,,
"chapa inox a304 3000x1500x1,5mm 2b = 10 unds,","CHAPA INOX. 3000x1500x1,5 A304 2B","CHAPA INOX. 3000x1500x1,5 A304 2B",111130150015,"chapa inox a304 3000x1500x1,5mm 2b = 10 unds,","chapa inox. 3000x1500x1,5 a304 2b",111130150015,10,,,,
"1 paquete de chapas aisi304 2b de 3000 x 1500 x 1.5 mm,","CHAPA INOX. 3000x1500x1,5 A304 2B","CHAPA INOX. 3000x1500x1,5 A304 2B",111130150015,"1 paquete de chapas aisi304 2b de 3000 x 1500 x 1.5 mm,","chapa inox. 3000x1500x1,5 a304 2b",111130150015,1,,,,
"chapa acero inox AISI 304 2B, formato 3000x1500x1.5 mm","CHAPA INOX. 3000x1500x1,5 A304 2B","CHAPA INOX. 3000x1500x1,5 A304 2B",111130150015,"chapa acero inox aisi 304 2b, formato 3000x1500x1.5 mm","chapa inox. 3000x1500x1,5 a304 2b",111130150015,1,,,,
"15 chapas aisi 304 2b + pvc de 3000x1500x1,5,","CHAPA INOX. 3000x1500x1,5 A304 2B + PVC","CHAPA INOX. 3000x1500x1,5 A304 2B + PVC",111P30150015,"15 chapas aisi 304 2b + pvc de 3000x1500x1,5,","chapa inox. 3000x1500x1,5 a304 2b + pvc",111p30150015,15,,,,
"5 chapas de 3000x1500x1,5 en aisi-304 2b+pvc,","CHAPA INOX. 3000x1500x1,5 A304 2B + PVC","CHAPA INOX. 3000x1500x1,5 A304 2B + PVC",111P30150015,"5 chapas de 3000x1500x1,5 en aisi-304 2b+pvc,","chapa inox. 3000x1500x1,5 a304 2b + pvc",111p30150015,5,,,,
"3000x1500x1.5 chapa inox 304 pulido `+ pvc ---2,","CHAPA INOX. 3000x1500x1,5 A304 BAP","CHAPA INOX. 3000x1500x1,5 A304 BAP",111230150015,"3000x1500x1.5 chapa inox 304 pulido `+ pvc ---2,","chapa inox. 3000x1500x1,5 a304 bap",111230150015,2,,,,
"1 chapa aisi304 pulida de 3000 x 1500 x 1.5 mm,","CHAPA INOX. 3000x1500x1,5 A304 BAP","CHAPA INOX. 3000x1500x1,5 A304 BAP",111230150015,"1 chapa aisi304 pulida de 3000 x 1500 x 1.5 mm,","chapa inox. 3000x1500x1,5 a304 bap",111230150015,1,,,,
"5 chapas 3000x1500x1.5 a304 pulida,","CHAPA INOX. 3000x1500x1,5 A304 BAP","CHAPA INOX. 3000x1500x1,5 A304 BAP",111230150015,"5 chapas 3000x1500x1.5 a304 pulida,","chapa inox. 3000x1500x1,5 a304 bap",111230150015,5,,,,
"1 chapa 3000x1500x1,5 inox 316 satinado 1 cara,","CHAPA INOX. 3000x1500x1,5 A316L SAT+PVC","CHAPA INOX. 3000x1500x1,5 A316L SAT+PVC",115330150015,"1 chapa 3000x1500x1,5 inox 316 satinado 1 cara,","chapa inox. 3000x1500x1,5 a316l sat+pvc",115330150015,1,,,,
"ch aisi 316ti 2b 1.5x3000x1500 titanio,","CHAPA INOX. 3000x1500x1,5 A316TI 2B","CHAPA INOX. 3000x1500x1,5 A316TI 2B",11T130150015,"ch aisi 316ti 2b 1.5x3000x1500 titanio,","chapa inox. 3000x1500x1,5 a316ti 2b",11t130150015,,,,,
2 CHAPAS 3000x1500x10mm INOX 304 LC,CHAPA INOX. 3000x1500x10 A304L LC,CHAPA INOX. 3000x1500x10 A304L LC,111430150100,2 chapas 3000x1500x10mm inox 304 lc,chapa inox. 3000x1500x10 a304l lc,111430150100,2,,,,
"2 uds. chapa acero inoxidable aisi 310 formato 3.000*1.500*10 mm,",CHAPA INOX. 3000x1500x10 A310s LC - 1.4845,CHAPA INOX. 3000x1500x10 A310s LC - 1.4845,117430150100,"2 uds. chapa acero inoxidable aisi 310 formato 3.000*1.500*10 mm,",chapa inox. 3000x1500x10 a310s lc - 1.4845,117430150100,2,,,,
CHAPA AISI 316 3000X1500X10MM 1 UNIDAD,CHAPA INOX. 3000x1500x10 A316L LC,CHAPA INOX. 3000x1500x10 A316L LC,115430150100,chapa aisi 316 3000x1500x10mm 1 unidad,chapa inox. 3000x1500x10 a316l lc,115430150100,1,,,,
"aisi 316 3000x1500x15 2 chapas,",CHAPA INOX. 3000x1500x15 A316L LC,CHAPA INOX. 3000x1500x15 A316L LC,115430150150,"aisi 316 3000x1500x15 2 chapas,",chapa inox. 3000x1500x15 a316l lc,115430150150,2,,,,
"chapa 2b 3000x1500x2mm a304 --> 20 chapas,",CHAPA INOX. 3000x1500x2 A304 2B,CHAPA INOX. 3000x1500x2 A304 2B,111130150020,"chapa 2b 3000x1500x2mm a304 --> 20 chapas,",chapa inox. 3000x1500x2 a304 2b,111130150020,20,,,,
"10 chapas 3000x1500x2 inox 304 2b,",CHAPA INOX. 3000x1500x2 A304 2B,CHAPA INOX. 3000x1500x2 A304 2B,111130150020,"10 chapas 3000x1500x2 inox 304 2b,",chapa inox. 3000x1500x2 a304 2b,111130150020,10,,,,
"2 chapa 3000x1500x2 inox 304 2b,",CHAPA INOX. 3000x1500x2 A304 2B,CHAPA INOX. 3000x1500x2 A304 2B,111130150020,"2 chapa 3000x1500x2 inox 304 2b,",chapa inox. 3000x1500x2 a304 2b,111130150020,2,,,,
304 2B 3000X1500X2,CHAPA INOX. 3000x1500x2 A304 2B,CHAPA INOX. 3000x1500x2 A304 2B,111130150020,304 2b 3000x1500x2,chapa inox. 3000x1500x2 a304 2b,111130150020,1,,,,
304 L – 3000x1500x2 ………….. 34 chapas.,CHAPA INOX. 3000x1500x2 A304 2B,CHAPA INOX. 3000x1500x2 A304 2B,111130150020,304 l – 3000x1500x2 ………….. 34 chapas.,chapa inox. 3000x1500x2 a304 2b,111130150020,34,,,,
"15 chapas aisi 304 2b + pvc de 3000x1500x2,",CHAPA INOX. 3000x1500x2 A304 2B + PVC,CHAPA INOX. 3000x1500x2 A304 2B + PVC,111P30150020,"15 chapas aisi 304 2b + pvc de 3000x1500x2,",chapa inox. 3000x1500x2 a304 2b + pvc,111p30150020,15,,,,
"1 chapa aisi304 pulida de 3000 x 1500 x 2 mm,",CHAPA INOX. 3000x1500x2 A304 BAP,CHAPA INOX. 3000x1500x2 A304 BAP,111230150020,"1 chapa aisi304 pulida de 3000 x 1500 x 2 mm,",chapa inox. 3000x1500x2 a304 bap,111230150020,1,,,,
"5 chapa 3000x1500x2mm pulido a304,",CHAPA INOX. 3000x1500x2 A304 BAP,CHAPA INOX. 3000x1500x2 A304 BAP,111230150020,"5 chapa 3000x1500x2mm pulido a304,",chapa inox. 3000x1500x2 a304 bap,111230150020,5,,,,
"2 chapas 3000x1500x2 inox 316 satinado 1 cara,",CHAPA INOX. 3000x1500x2 A316 SAT+PVC,CHAPA INOX. 3000x1500x2 A316 SAT+PVC,115330150020,"2 chapas 3000x1500x2 inox 316 satinado 1 cara,",chapa inox. 3000x1500x2 a316 sat+pvc,115330150020,2,,,,
"1 chapa 3000x1500x2.5 inox 304 2b,","CHAPA INOX. 3000x1500x2,5 A304 2B","CHAPA INOX. 3000x1500x2,5 A304 2B",111130150025,"1 chapa 3000x1500x2.5 inox 304 2b,","chapa inox. 3000x1500x2,5 a304 2b",111130150025,1,,,,
"7 chapas aisi316 pulido con formato 3000x1500x2,5 mm,","CHAPA INOX. 3000x1500x2,5 A316 PULIDA M+PVC","CHAPA INOX. 3000x1500x2,5 A316 PULIDA M+PVC",115530150025,"7 chapas aisi316 pulido con formato 3000x1500x2,5 mm,","chapa inox. 3000x1500x2,5 a316 pulida m+pvc",115530150025,7,,,,
"5 chapas aisi 304 2b de 3000x1500x3,",CHAPA INOX. 3000x1500x3 A304L 2B,CHAPA INOX. 3000x1500x3 A304L 2B,111130150030,"5 chapas aisi 304 2b de 3000x1500x3,",chapa inox. 3000x1500x3 a304l 2b,111130150030,5,,,,
"2 chapa 3000x1500x3 inox 304 2b,",CHAPA INOX. 3000x1500x3 A304L 2B,CHAPA INOX. 3000x1500x3 A304L 2B,111130150030,"2 chapa 3000x1500x3 inox 304 2b,",chapa inox. 3000x1500x3 a304l 2b,111130150030,2,,,,
"2 chapa 3000x1500x3 inox 304 2b,",CHAPA INOX. 3000x1500x3 A304L 2B,CHAPA INOX. 3000x1500x3 A304L 2B,111130150030,"2 chapa 3000x1500x3 inox 304 2b,",chapa inox. 3000x1500x3 a304l 2b,111130150030,2,,,,
"chapa acero inox AISI 304 2B, formato 3000x1500x3 mm",CHAPA INOX. 3000x1500x3 A304L 2B,CHAPA INOX. 3000x1500x3 A304L 2B,111130150030,"chapa acero inox aisi 304 2b, formato 3000x1500x3 mm",chapa inox. 3000x1500x3 a304l 2b,111130150030,,,,,
1. 3000 X 1500 X 3 MM CHAPA 2B A-304 : 20 UNIDADES.,CHAPA INOX. 3000x1500x3 A304L 2B,CHAPA INOX. 3000x1500x3 A304L 2B,111130150030,1. 3000 x 1500 x 3 mm chapa 2b a-304 : 20 unidades.,chapa inox. 3000x1500x3 a304l 2b,111130150030,20,,,,
"chapa lc 3000x1500x3mm a304 --> 25 unidades,",CHAPA INOX. 3000x1500x3 A304L LC,CHAPA INOX. 3000x1500x3 A304L LC,111430150030,"chapa lc 3000x1500x3mm a304 --> 25 unidades,",chapa inox. 3000x1500x3 a304l lc,111430150030,25,,,,
"4 chapas 3000x1500x3 inox 316 satinado 1 cara,",CHAPA INOX. 3000x1500x3 A316 SAT+PVC,CHAPA INOX. 3000x1500x3 A316 SAT+PVC,115330150030,"4 chapas 3000x1500x3 inox 316 satinado 1 cara,",chapa inox. 3000x1500x3 a316 sat+pvc,115330150030,4,,,,
12 chapas de 3000x1500x3 2b aisi-316,CHAPA INOX. 3000x1500x3 A316L 2B,CHAPA INOX. 3000x1500x3 A316L 2B,115130150030,12 chapas de 3000x1500x3 2b aisi-316,chapa inox. 3000x1500x3 a316l 2b,115130150030,12,,,,
AISI304-2B 3000x1500x4mm. 3 chapas,CHAPA INOX. 3000x1500x4 A304L 2B,CHAPA INOX. 3000x1500x4 A304L 2B,111130150040,aisi304-2b 3000x1500x4mm. 3 chapas,chapa inox. 3000x1500x4 a304l 2b,111130150040,3,,,,
"10 chapas aisi304 lc de 3000 x 1500 x 4 mm,",CHAPA INOX. 3000x1500x4 A304L LC,CHAPA INOX. 3000x1500x4 A304L LC,111430150040,"10 chapas aisi304 lc de 3000 x 1500 x 4 mm,",chapa inox. 3000x1500x4 a304l lc,111430150040,10,,,,
"chapas 3000x1500x4 a304 l/c,",CHAPA INOX. 3000x1500x4 A304L LC,CHAPA INOX. 3000x1500x4 A304L LC,111430150040,"chapas 3000x1500x4 a304 l/c,",chapa inox. 3000x1500x4 a304l lc,111430150040,,,,,
"1) 3000 x 1500 x 4 mm chapa l. caliente a-304 : 30 unidades,",CHAPA INOX. 3000x1500x4 A304L LC,CHAPA INOX. 3000x1500x4 A304L LC,111430150040,"1) 3000 x 1500 x 4 mm chapa l. caliente a-304 : 30 unidades,",chapa inox. 3000x1500x4 a304l lc,111430150040,30,,,,
1 Chapa 3000x1250x4,CHAPA INOX. 3000x1500x4 A304L LC,CHAPA INOX. 3000x1500x4 A304L LC,111430150040,1 chapa 3000x1250x4,chapa inox. 3000x1250x4 a304 lc,111430125040,1,,,,
AISI-304 LC 3000x1500x4__ 1 und,CHAPA INOX. 3000x1500x4 A304L LC,CHAPA INOX. 3000x1500x4 A304L LC,111430150040,aisi-304 lc 3000x1500x4__ 1 und,chapa inox. 3000x1500x4 a304l lc,111430150040,1,,,,
"1 chapa 3000x1500x4mm pulido 1 cara a316,",CHAPA INOX. 3000x1500x4 A316 PULIDA M+PVC,CHAPA INOX. 3000x1500x4 A316 PULIDA M+PVC,115530150040,"1 chapa 3000x1500x4mm pulido 1 cara a316,",chapa inox. 3000x1500x4 a316 pulida m+pvc,115530150040,1,,,,
solicitamos precio de una chapa de 3000 x 1500 x 4 en inox 316,CHAPA INOX. 3000x1500x4 A316L LC,CHAPA INOX. 3000x1500x4 A316L LC,115430150040,solicitamos precio de una chapa de 3000 x 1500 x 4 en inox 316,chapa inox. 3000x1500x4 a316l lc,115430150040,,,,,
"chapa lc 3000x1500x5mm a304 --> 4 unidades,",CHAPA INOX. 3000x1500x5 A304L LC,CHAPA INOX. 3000x1500x5 A304L LC,111430150050,"chapa lc 3000x1500x5mm a304 --> 4 unidades,",chapa inox. 3000x1500x5 a304l lc,111430150050,4,,,,
"chapas 3000x1500x5 a304 l/c,",CHAPA INOX. 3000x1500x5 A304L LC,CHAPA INOX. 3000x1500x5 A304L LC,111430150050,"chapas 3000x1500x5 a304 l/c,",chapa inox. 3000x1500x5 a304l lc,111430150050,,,,,
"8 chapas aisi304 lc 3000 x 1500 x 5 mm,",CHAPA INOX. 3000x1500x5 A304L LC,CHAPA INOX. 3000x1500x5 A304L LC,111430150050,"8 chapas aisi304 lc 3000 x 1500 x 5 mm,",chapa inox. 3000x1500x5 a304l lc,111430150050,8,,,,
1 304L 3000X1500X5,CHAPA INOX. 3000x1500x5 A304L LC,CHAPA INOX. 3000x1500x5 A304L LC,111430150050,1 304l 3000x1500x5,chapa inox. 3000x1500x5 a304l lc,111430150050,1,,,,
1500kgs 3000x1500x5 Aisi304 LC,CHAPA INOX. 3000x1500x5 A304L LC,CHAPA INOX. 3000x1500x5 A304L LC,111430150050,1500kgs 3000x1500x5 aisi304 lc,chapa inox. 3000x1500x5 a304l lc,111430150050,1,kg,,,1500.0
1 chapa 3000x1500x5 inox 316 lc,CHAPA INOX. 3000x1500x5 A316L LC,CHAPA INOX. 3000x1500x5 A316L LC,115430150050,1 chapa 3000x1500x5 inox 316 lc,chapa inox. 3000x1500x5 a316l lc,115430150050,1,,,,
1 chapa 3000x1500x5 inox 316 lc,CHAPA INOX. 3000x1500x5 A316L LC,CHAPA INOX. 3000x1500x5 A316L LC,115430150050,1 chapa 3000x1500x5 inox 316 lc,chapa inox. 3000x1500x5 a316l lc,115430150050,1,,,,
1011401068 CHAPA 316L 1 5.0X1500X3000 - 2 CH.,CHAPA INOX. 3000x1500x5 A316L LC,CHAPA INOX. 3000x1500x5 A316L LC,115430150050,1011401068 chapa 316l 1 5.0x1500x3000 - 2 ch.,chapa inox. 3000x1500x3 a316l lc,115430150030,1,,,,
3 chapas de 3000*1500 espesor 6 i-304 l,CHAPA INOX. 3000x1500x6 A304L LC,CHAPA INOX. 3000x1500x6 A304L LC,111430150060,3 chapas de 3000*1500 espesor 6 i-304 l,chapa inox. 3000x1500x6 a304l lc,111430150060,3,,,,
"6 chapas aisi304 lc 3000 x 1500 x 8 mm,",CHAPA INOX. 3000x1500x8 A304L LC,CHAPA INOX. 3000x1500x8 A304L LC,111430150080,"6 chapas aisi304 lc 3000 x 1500 x 8 mm,",chapa inox. 3000x1500x8 a304l lc,111430150080,6,,,,
1 Chapa 3000x1500x8,CHAPA INOX. 3000x1500x8 A304L LC,CHAPA INOX. 3000x1500x8 A304L LC,111430150080,1 chapa 3000x1500x8,chapa inox. 3000x1500x8 a304l lc,111430150080,1,,,,
1. 144 chapas de 3000x1500x8mm en L/C.,CHAPA INOX. 3000x1500x8 A304L LC,CHAPA INOX. 3000x1500x8 A304L LC,111430150080,1. 144 chapas de 3000x1500x8mm en l/c.,chapa inox. 3000x1500x8 a304l lc,111430150080,144,,,,
"1 chapa de 4000 x 1250 o 1500 x 1.5 aisi 304 bap,","CHAPA INOX. 4000x1250x1,5 A304 BAP","CHAPA INOX. 4000x1250x1,5 A304 BAP",111240125015,"1 chapa de 4000 x 1250 o 1500 x 1.5 aisi 304 bap,","chapa inox. 4000x1250x1,5 a304 bap",111240125015,1,,,,
"aisi 304 4000x1500x2 10 chapas,",CHAPA INOX. 4000x1500x2 A304 2B,CHAPA INOX. 4000x1500x2 A304 2B,111140150020,"aisi 304 4000x1500x2 10 chapas,",chapa inox. 4000x1500x2 a304 2b,111140150020,1,,,,
"3 chapas 4000x1500x3mm i-lc-304,",CHAPA INOX. 4000x1500x3 A304L LC,CHAPA INOX. 4000x1500x3 A304L LC,111440150030,"3 chapas 4000x1500x3mm i-lc-304,",chapa inox. 4000x1500x3 a304l lc,111440150030,3,,,,
"3 chapas 4000x2000x2mm 2b 304,",CHAPA INOX. 4000x2000x2 A304 2B,CHAPA INOX. 4000x2000x2 A304 2B,111140200020,"3 chapas 4000x2000x2mm 2b 304,",chapa inox. 4000x2000x2 a304 2b,111140200020,3,,,,
"3 chapas aisi304 2b de 4000 x 2000 x 2 mm,",CHAPA INOX. 4000x2000x2 A304 2B,CHAPA INOX. 4000x2000x2 A304 2B,111140200020,"3 chapas aisi304 2b de 4000 x 2000 x 2 mm,",chapa inox. 4000x2000x2 a304 2b,111140200020,3,,,,
"1 chapa aisi316 2b de 4000 x 2000 x 2 mm,",CHAPA INOX. 4000x2000x2 A316L 2B,CHAPA INOX. 4000x2000x2 A316L 2B,115140200020,"1 chapa aisi316 2b de 4000 x 2000 x 2 mm,",chapa inox. 4000x2000x2 a316l 2b,115140200020,1,,,,
"1 chapa aisi304 2b de 4000 x 2000 x 3 mm,",CHAPA INOX. 4000x2000x3 A304 2B,CHAPA INOX. 4000x2000x3 A304 2B,111140200030,"1 chapa aisi304 2b de 4000 x 2000 x 3 mm,",chapa inox. 4000x2000x3 a304 2b,111140200030,1,,,,
"2 chapas 4000x2000x3mm i-lc-304,",CHAPA INOX. 4000x2000x3 A304L LC,CHAPA INOX. 4000x2000x3 A304L LC,111440200030,"2 chapas 4000x2000x3mm i-lc-304,",chapa inox. 4000x2000x3 a304 2b,111140200030,2,,,,
4000x2000x4mm INOX 304 LC (1 ud),CHAPA INOX. 4000x2000x4 A304L LC,CHAPA INOX. 4000x2000x4 A304L LC,111440200040,4000x2000x4mm inox 304 lc (1 ud),chapa inox. 4000x2000x4 a304l lc,111440200040,1,,,,
"14 chapas 4000x2000x5mm lc a316,",CHAPA INOX. 4000x2000x5 A316L LC,CHAPA INOX. 4000x2000x5 A316L LC,115440200050,"14 chapas 4000x2000x5mm lc a316,",chapa inox. 4000x2000x5 a316l lc,115440200050,14,,,,
"1 chapa aisi316 lc de 4000 x 2000 x 6 mm,",CHAPA INOX. 4000x2000x6 A316L LC,CHAPA INOX. 4000x2000x6 A316L LC,115440200060,"1 chapa aisi316 lc de 4000 x 2000 x 6 mm,",chapa inox. 4000x2000x6 a316l lc,115440200060,1,,,,
"1 chapa de 6000x1250x3 a304l2b,",CHAPA INOX. 6000x1250x3 A304 2B,CHAPA INOX. 6000x1250x3 A304 2B,111160125030,"1 chapa de 6000x1250x3 a304l2b,",chapa inox. 6000x1250x3 a304 2b,111160125030,1,,,,
"1 chapa 6000x1500x4 mm inox 304 lc,",CHAPA INOX. 6000x1500x4 A304L LC,CHAPA INOX. 6000x1500x4 A304L LC,111460150040,"1 chapa 6000x1500x4 mm inox 304 lc,",chapa inox. 6000x1500x4 a304l lc,111460150040,1,,,,
1 Chapa 5000x1500x6,CHAPA INOX. 6000x1500x6 A304L LC,CHAPA INOX. 6000x1500x6 A304L LC,111460150060,1 chapa 5000x1500x6,chapa inox. 6000x1500x5 a304l lc,111460150050,1,,,,
4 uds chapa 1500x6000x6 a-304,CHAPA INOX. 6000x1500x6 A304L LC,CHAPA INOX. 6000x1500x6 A304L LC,111460150060,4 uds chapa 1500x6000x6 a-304,chapa inox. 6000x1500x6 a304l lc,111460150060,4,,,,
"2 chapas 6000x2000x4 mm inox 304 lc,",CHAPA INOX. 6000x2000x4 A304L LC,CHAPA INOX. 6000x2000x4 A304L LC,111460200040,"2 chapas 6000x2000x4 mm inox 304 lc,",chapa inox. 6000x2000x4 a304l lc,111460200040,2,,,,
"1 chapa aisi304 lc de 6000 x 2000 x 6 mm,",CHAPA INOX. 6000x2000x6 A304L LC,CHAPA INOX. 6000x2000x6 A304L LC,111460200060,"1 chapa aisi304 lc de 6000 x 2000 x 6 mm,",chapa inox. 6000x2000x6 a304l lc,111460200060,1,,,,
"- 1ud chapa acero inox. aisi-304 lagrimada de 2000x1000x3mm,",CHAPA LAGRIMADA 2000x1000x3 A304 - DIN,CHAPA LAGRIMADA 2000x1000x3 A304 - DIN,1M14201030,"- 1ud chapa acero inox. aisi-304 lagrimada de 2000x1000x3mm,",chapa inox. 2000x1000x3 a304l lc,111420100030,1,,,,
CHAPA LAGRIMADA INOX A304 3000x1000x3mm = 4 unds,CHAPA LAGRIMADA 2000x1000x3 A304 - DIN,CHAPA LAGRIMADA 2000x1000x3 A304 - DIN,1M14201030,chapa lagrimada inox a304 3000x1000x3mm = 4 unds,chapa lagrimada 3000x1000x3 a304 - din,1m14301030,4,,,,
CUADRADO AISI304 25X25 MM,CUADRADO INOX. A-304 de 25 CALIBRADO,CUADRADO INOX. A-304 de 25 CALIBRADO,251125,cuadrado aisi304 25x25 mm,malla electrosoldada 2x1 25x25 d.3 a304,1711210325,,,,,
"cuadrado inox. a-316 de 60 mm. laminado 3,00 mt 87,000 kg 7,508â‚¬,",CUADRADO INOX. A-304 de 60 CALIBRADO,CUADRADO INOX. A-304 de 60 CALIBRADO,251160,"cuadrado inox. a-316 de 60 mm. laminado 3,00 mt 87,000 kg 7,508â‚¬,",tubo inox. 60x60x3 a316 ti 2b,34t106030,1,kg,m,3.0,87.0
"- inox. 304 hexÃ¡gono de 13 ....... 2 barras,",HEXAGONAL INOX. A-304 de 13 mm.,HEXAGONAL INOX. A-304 de 13 mm.,221113,"- inox. 304 hexã¡gono de 13 ....... 2 barras,",hexagonal inox. a-304 de 13 mm.,221113,2,,,,
"5. juntas goma dn 100,",JUNTA GOMA TIPO 1 DN-100 SBR PN10/16,JUNTA GOMA TIPO 1 DN-100 SBR PN10/16,41C00100,"5. juntas goma dn 100,",junta brida carton comprimido. dn 100,41b00100,5,,,,
"10. juntas goma dn 80,",JUNTA GOMA TIPO 1 DN-80 SBR PN10/16,JUNTA GOMA TIPO 1 DN-80 SBR PN10/16,41C00080,"10. juntas goma dn 80,",junta brida carton comprimido. dn 80,41b00080,10,,,,
PLETINA INOX A304 100x6mm pulida = 6 mts,PLETINA 100x6 INOX. A304 PULIDA,PLETINA 100x6 INOX. A304 PULIDA,241210006,pletina inox a304 100x6mm pulida = 6 mts,pletina 100x6 inox. a304 pulida,241210006,1,,m,6.0,
12 mts pletina inox 304 100x8,PLETINA 100x8 INOX. A304,PLETINA 100x8 INOX. A304,241410008,12 mts pletina inox 304 100x8,pletina 100x8 inox. a304 laminada,231410008,1,,m,12.0,
1 PLETINA A-316 120X8,PLETINA 120x8 INOX. A316,PLETINA 120x8 INOX. A316,245412008,1 pletina a-316 120x8,pletina 120x8 inox. a316,245412008,1,,,,
"pletina de 20x25x3 metros en inox 304,",PLETINA 25x20 INOX. A304 LAMINADA,PLETINA 25x20 INOX. A304 LAMINADA,231402520,"pletina de 20x25x3 metros en inox 304,",pletina 25x20 inox. a304 laminada,231402520,1,,,,
"3 pletinas 25x3 aisi 304,",PLETINA 25x3 INOX. A304,PLETINA 25x3 INOX. A304,241402503,"3 pletinas 25x3 aisi 304,",pletina 25x3 inox. a304,241402503,3,,,,
"60 mts. de pletina 30x4 mm. aisi-304,",PLETINA 30x4 INOX. A304,PLETINA 30x4 INOX. A304,241403004,"60 mts. de pletina 30x4 mm. aisi-304,",pletina 30x4 inox. a304,241403004,1,,m,60.0,
"5. 6 metros pletina 30x6 mm en 316,",PLETINA 30x6 INOX. A316,PLETINA 30x6 INOX. A316,245403006,"5. 6 metros pletina 30x6 mm en 316,",pletina 30x6 inox. a316,245403006,1,,m,6.0,
1 unidades de PLETINA 30 X 6 mm ESPESOR X 6000 mm LONGITUD- calidad SS-316L,PLETINA 30x6 INOX. A316,PLETINA 30x6 INOX. A316,245403006,1 unidades de pletina 30 x 6 mm espesor x 6000 mm longitud- calidad ss-316l,pletina 30x6 inox. a316,245403006,1,,m,6000.0,
"pletina inox a304 40x4mm = 30 mts,",PLETINA 40x4 INOX. A304,PLETINA 40x4 INOX. A304,241404004,"pletina inox a304 40x4mm = 30 mts,",pletina 40x4 inox. a304 laminada,231404004,1,,m,30.0,
PLETINA INOX 40x4,PLETINA 40x4 INOX. A304,PLETINA 40x4 INOX. A304,241404004,pletina inox 40x4,pletina 40x4 inox. a304 laminada,231404004,,,,,
"pletina inox a304 40x5mm = 12 mts,",PLETINA 40x5 INOX. A304,PLETINA 40x5 INOX. A304,241404005,"pletina inox a304 40x5mm = 12 mts,",pletina 40x5 inox. a304,241404005,1,,m,12.0,
PLETINA AISI304 40X5 MM,PLETINA 40x5 INOX. A304,PLETINA 40x5 INOX. A304,241404005,pletina aisi304 40x5 mm,pletina 40x5 inox. a304,241404005,,,,,
"pletina inox 40x5 a316 --> 18 mts,",PLETINA 40x5 INOX. A316,PLETINA 40x5 INOX. A316,245404005,"pletina inox 40x5 a316 --> 18 mts,",pletina 40x5 inox. a316,245404005,1,,m,18.0,
"pletina inox a304 40x6mm = 12 mts,",PLETINA 40x6 INOX. A304,PLETINA 40x6 INOX. A304,241404006,"pletina inox a304 40x6mm = 12 mts,",pletina 40x6 inox. a304 laminada,231404006,1,,m,12.0,
1 barra de pletina de 40x6,PLETINA 40x6 INOX. A304,PLETINA 40x6 INOX. A304,241404006,1 barra de pletina de 40x6,pletina 40x6 inox. a304,241404006,1,,,,
"pletina inox a304 40x8mm = 12 mts,",PLETINA 40x8 INOX. A304,PLETINA 40x8 INOX. A304,241404008,"pletina inox a304 40x8mm = 12 mts,",pletina 40x8 inox. a304 laminada,231404008,1,,m,12.0,
12m pletina 40x8mm,PLETINA 40x8 INOX. A304,PLETINA 40x8 INOX. A304,241404008,12m pletina 40x8mm,pletina 40x8 inox. a304,241404008,1,,m,12.0,
"pletina laminada 50x20 a304 --> 6 mts,",PLETINA 50x20 INOX. A304 LAMINADA,PLETINA 50x20 INOX. A304 LAMINADA,231405020,"pletina laminada 50x20 a304 --> 6 mts,",pletina 50x20 inox. a304 laminada,231405020,1,,m,6.0,
1 PLETINA 50X6 AISI 304,PLETINA 50x6 INOX. A304,PLETINA 50x6 INOX. A304,241405006,1 pletina 50x6 aisi 304,pletina 50x6 inox. a304,241405006,1,,,,
"150 metros pletina 50 x 8 aisi 304: 3.50â‚¬/kg stock,",PLETINA 50x8 INOX. A304,PLETINA 50x8 INOX. A304,241405008,"150 metros pletina 50 x 8 aisi 304: 3.50â‚¬/kg stock,",pletina 50x8 inox. a304,241405008,1,,m,150.0,
"2) 60 x 15 mm pletina a-304 : 18 metros --> 5,39 â‚¬/kg.,",PLETINA 60x15 INOX. A304 LAMINADA,PLETINA 60x15 INOX. A304 LAMINADA,231406015,"2) 60 x 15 mm pletina a-304 : 18 metros --> 5,39 â‚¬/kg.,",pletina 60x15 inox. a304,241406015,1,,m,18.0,
"60x40 pletinainox 304 3 mtrs,",PLETINA 60x40 INOX. A304 LAMINADA,PLETINA 60x40 INOX. A304 LAMINADA,231406040,"60x40 pletinainox 304 3 mtrs,",pletina 60x40 inox. a304 laminada,231406040,1,,m,3.0,
"pletina inox a304 60x6mm = 6 mts,",PLETINA 60x6 INOX. A304,PLETINA 60x6 INOX. A304,241406006,"pletina inox a304 60x6mm = 6 mts,",pletina 60x6 inox. a304 laminada,231406006,1,,m,6.0,
5 UDS PLETINA 60X6 INOX A 304,PLETINA 60x6 INOX. A304,PLETINA 60x6 INOX. A304,241406006,5 uds pletina 60x6 inox a 304,pletina 60x6 inox. a304,241406006,5,,,,
5 UDS PLETINA 60X8 INOX A 304,PLETINA 60x8 INOX. A304,PLETINA 60x8 INOX. A304,241406008,5 uds pletina 60x8 inox a 304,pletina 60x8 inox. a304,241406008,5,,,,
"70x40 pletina laminada inox 304 l= 3500 1 pieza,",PLETINA 70x40 INOX. A304 LAMINADA,PLETINA 70x40 INOX. A304 LAMINADA,231407040,"70x40 pletina laminada inox 304 l= 3500 1 pieza,",pletina 70x40 inox. a304 laminada,231407040,1,,,,
PLETINA AISI304 80X8 MM,PLETINA 80x8 INOX. A304,PLETINA 80x8 INOX. A304,241408008,pletina aisi304 80x8 mm,pletina 80x8 inox. a304,241408008,,,,,
AISI 303 red 100 1pz x 3200 mm,REDONDO INOX. A-303 de 100,REDONDO INOX. A-303 de 100,21201000,aisi 303 red 100 1pz x 3200 mm,redondo inox. a-303 de 100,21201000,1,,m,3200.0,
3 VARILLAS A-303 22MM,REDONDO INOX. A-303 de 22,REDONDO INOX. A-303 de 22,21200220,3 varillas a-303 22mm,redondo inox. a-303 de 22,21200220,,,,,
"redondo inox 10 mm a304 --> 500 kg aprox,",REDONDO INOX. A-304 de 10,REDONDO INOX. A-304 de 10,21100100,"redondo inox 10 mm a304 --> 500 kg aprox,",redondo inox. a-304 de 10,21100100,1,kg,,,500.0
BARRA CALIBRADA AISI304 Ø10 MM,REDONDO INOX. A-304 de 10,REDONDO INOX. A-304 de 10,21100100,barra calibrada aisi304 de 10 mm,cuadrado inox. a-304 de 10 calibrado,251110,,,,,
"- 12 metros varilla acero inox. aisi-304 de diÃ¡metro 12mm,",REDONDO INOX. A-304 de 12,REDONDO INOX. A-304 de 12,21100120,"- 12 metros varilla acero inox. aisi-304 de diã¡metro 12mm,",redondo inox. a-304 de 12,21100120,1,,m,12.0,
"redondo inox a304 12mm = 30 mts,",REDONDO INOX. A-304 de 12,REDONDO INOX. A-304 de 12,21100120,"redondo inox a304 12mm = 30 mts,",redondo inox. a-304 de 12,21100120,1,,m,30.0,
"2. barra calibrada d12 mm inox304,",REDONDO INOX. A-304 de 12,REDONDO INOX. A-304 de 12,21100120,"2. barra calibrada d12 mm inox304,",cuadrado inox. a-304 de 12 calibrado,251112,2,,,,
"redondo inox a304 12mm = 24 mts,",REDONDO INOX. A-304 de 12,REDONDO INOX. A-304 de 12,21100120,"redondo inox a304 12mm = 24 mts,",redondo inox. a-304 de 12,21100120,1,,m,24.0,
REDONDO INOX A304 Ø12mm = 12 mts,REDONDO INOX. A-304 de 12,REDONDO INOX. A-304 de 12,21100120,redondo inox a304 de 12mm = 12 mts,redondo inox. a-304 de 12,21100120,1,,m,12.0,
Varilla Ac.Inox.Ø12 AISI 304 L=6000,REDONDO INOX. A-304 de 12,REDONDO INOX. A-304 de 12,21100120,varilla ac.inox.de 12 aisi 304 l=6000,redondo inox. a-304 de 12,21100120,,,,,
BARRA CALIBRADA AISI304 Ø15 MM,REDONDO INOX. A-304 de 15,REDONDO INOX. A-304 de 15,21100150,barra calibrada aisi304 de 15 mm,cuadrado inox. a-304 de 15 calibrado,251115,,,,,
"redondo inox a304 16mm = 24 mts,",REDONDO INOX. A-304 de 16,REDONDO INOX. A-304 de 16,21100160,"redondo inox a304 16mm = 24 mts,",redondo inox. a-304 de 16,21100160,1,,m,24.0,
"redondo inox a304 20mm pulido = 1.000 kg,",REDONDO INOX. A-304 DE 20 PULIDO,REDONDO INOX. A-304 DE 20 PULIDO,21120200,"redondo inox a304 20mm pulido = 1.000 kg,",redondo inox. a-304 de 20 pulido,21120200,1,kg,,,1.0
"25 macizo inox 304 12 mtrs,",REDONDO INOX. A-304 de 25,REDONDO INOX. A-304 de 25,21100250,"25 macizo inox 304 12 mtrs,",redondo inox. a-304 de 310,21103100,1,,m,25.0,
"1) 25 mm redondo macizo calibrado a304 : 1 barra,",REDONDO INOX. A-304 de 25,REDONDO INOX. A-304 de 25,21100250,"1) 25 mm redondo macizo calibrado a304 : 1 barra,",redondo inox. a-304 de 25,21100250,1,,,,
"redondo inox a304 25mm = 12 mts,",REDONDO INOX. A-304 de 25,REDONDO INOX. A-304 de 25,21100250,"redondo inox a304 25mm = 12 mts,",redondo inox. a-304 de 25,21100250,1,,m,12.0,
Barra Ac.Inox.Ø30 AISI 304 L=6000,REDONDO INOX. A-304 de 30,REDONDO INOX. A-304 de 30,21100300,barra ac.inox.de 30 aisi 304 l=6000,redondo inox. a-304 de 30,21100300,1,,,,
"redondo inox 35 mm a304 --> 3 mts,",REDONDO INOX. A-304 de 35,REDONDO INOX. A-304 de 35,21100350,"redondo inox 35 mm a304 --> 3 mts,",redondo inox. a-304 de 35,21100350,1,,m,3.0,
"2) 40 mm cuadrado macizo calibrado a-304 : 1 barra,",REDONDO INOX. A-304 de 40,REDONDO INOX. A-304 de 40,21100400,"2) 40 mm cuadrado macizo calibrado a-304 : 1 barra,",redondo inox. a-304 de 40,21100400,1,,,,
AISI304 red 40 1 barra,REDONDO INOX. A-304 de 40,REDONDO INOX. A-304 de 40,21100400,aisi304 red 40 1 barra,redondo inox. a-304 de 40,21100400,1,,,,
"redondo Ã¸55mm a304 --> 1 pieza de 300mm,",REDONDO INOX. A-304 de 55,REDONDO INOX. A-304 de 55,21100550,"redondo ã¸55mm a304 --> 1 pieza de 300mm,",redondo inox. a-304 de 55,21100550,1,,m,300.0,
"redondo inox a304 6mm = 60 mts,",REDONDO INOX. A-304 de 6,REDONDO INOX. A-304 de 6,21100060,"redondo inox a304 6mm = 60 mts,",redondo inox. a-304 de 6,21100060,1,,m,60.0,
"redondo Ã¸60mm a304 --> 1 pieza de 300mm,",REDONDO INOX. A-304 de 60,REDONDO INOX. A-304 de 60,21100600,"redondo ã¸60mm a304 --> 1 pieza de 300mm,",redondo inox. a-304 de 60,21100600,1,,m,300.0,
"redondo Ã¸60mm a304 --> 1 metro,",REDONDO INOX. A-304 de 60,REDONDO INOX. A-304 de 60,21100600,"redondo ã¸60mm a304 --> 1 metro,",redondo inox. a-304 de 60,21100600,1,,m,1.0,
"redondo inox 7 mm a304 --> 240 mts,",REDONDO INOX. A-304 de 7,REDONDO INOX. A-304 de 7,21100070,"redondo inox 7 mm a304 --> 240 mts,",redondo inox. a-304 de 7,21100070,1,,m,240.0,
"varilla aisi-304 Ã¸8 12metros,",REDONDO INOX. A-304 de 8,REDONDO INOX. A-304 de 8,21100080,"varilla aisi-304 ã¸8 12metros,",redondo inox. a-304 de 8,21100080,1,,m,12.0,
"1 barra calibrada d8 inox304 6 metros,",REDONDO INOX. A-304 de 8,REDONDO INOX. A-304 de 8,21100080,"1 barra calibrada d8 inox304 6 metros,",cuadrado inox. a-304 de 8 calibrado,251108,1,,m,6.0,
"3 metros de varilla Ã¸10mm aisi 316,",REDONDO INOX. A-316 de 10,REDONDO INOX. A-316 de 10,21500100,"3 metros de varilla ã¸10mm aisi 316,",redondo inox. a-316 de 10,21500100,1,,m,3.0,
4 unidades de BARRAS DE REDONDO Ø10 x 6 MTS. LONG.- calidad SS 316L,REDONDO INOX. A-316 de 10,REDONDO INOX. A-316 de 10,21500100,4 unidades de barras de redondo de 10 x 6 mts. long.- calidad ss 316l,redondo inox. a-316 de 6,21500060,4,,,,
"4. 6 metros redondo macizo de 14 mm en 316,",REDONDO INOX. A-316 de 14,REDONDO INOX. A-316 de 14,21500140,"4. 6 metros redondo macizo de 14 mm en 316,",redondo inox. a-316 de 14,21500140,1,,m,6.0,
"redondo inox 20 mm a316 --> 3 mts,",REDONDO INOX. A-316 de 20,REDONDO INOX. A-316 de 20,21500200,"redondo inox 20 mm a316 --> 3 mts,",redondo inox. a-316 de 20,21500200,1,,m,3.0,
"1 unidades de BARRAS DE REDONDO Ø20 x 0,3 MTS. LONG.- calidad SS 316L",REDONDO INOX. A-316 de 20,REDONDO INOX. A-316 de 20,21500200,"1 unidades de barras de redondo de 20 x 0,3 mts. long.- calidad ss 316l",redondo inox. a-316 de 20,21500200,1,,,,
INOX316 Ø22 - 30 BARRAS X 3 METROS,REDONDO INOX. A-316 de 22,REDONDO INOX. A-316 de 22,21500220,inox316 de 22 - 30 barras x 3 metros,barra perforada 36x20 a316l,2850036020,30,,,,
"redondo inox 3 mm a316 --> 3 mts,",REDONDO INOX. A-316 de 3,REDONDO INOX. A-316 de 3,21500030,"redondo inox 3 mm a316 --> 3 mts,",redondo inox. a-316 de 3,21500030,1,,m,3.0,
"redondo inox 30 mm a316 --> 3 mts,",REDONDO INOX. A-316 de 30,REDONDO INOX. A-316 de 30,21500300,"redondo inox 30 mm a316 --> 3 mts,",redondo inox. a-316 de 30,21500300,1,,m,3.0,
"5 mm redondo-varilla a-316l : 18 metros --> 7,37 â‚¬/kg.,",REDONDO INOX. A-316 de 5,REDONDO INOX. A-316 de 5,21500050,"5 mm redondo-varilla a-316l : 18 metros --> 7,37 â‚¬/kg.,",redondo inox. a-316 de 5,21500050,1,,m,18.0,
"redondo Ã¸6mm a316l --> 18 metros,",REDONDO INOX. A-316 de 6,REDONDO INOX. A-316 de 6,21500060,"redondo ã¸6mm a316l --> 18 metros,",redondo inox. a-316 de 6,21500060,1,,m,18.0,
"redondo Ã¸8mm a316l --> 18 metros,",REDONDO INOX. A-316 de 8,REDONDO INOX. A-316 de 8,21500080,"redondo ã¸8mm a316l --> 18 metros,",redondo inox. a-316 de 8,21500080,1,,m,18.0,
"80 mm redondo macizo a-316l : 1 pieza l=2.200 mm,",REDONDO INOX. A-316 de 80,REDONDO INOX. A-316 de 80,21500800,"80 mm redondo macizo a-316l : 1 pieza l=2.200 mm,",redondo inox. a-316 de 80,21500800,1,,m,2.2,
"80 mm redondo macizo a-316l : 2 piezas l=2.000 mm,",REDONDO INOX. A-316 de 80,REDONDO INOX. A-316 de 80,21500800,"80 mm redondo macizo a-316l : 2 piezas l=2.000 mm,",redondo inox. a-316 de 80,21500800,2,,m,2.0,
"80 mm redondo macizo a-316l : 1 pieza l=1.700 mm,",REDONDO INOX. A-316 de 80,REDONDO INOX. A-316 de 80,21500800,"80 mm redondo macizo a-316l : 1 pieza l=1.700 mm,",redondo inox. a-316 de 80,21500800,1,,m,1.7,
"80 mm redondo macizo a-316l : 1 pieza l=2.200 mm --> 6,49 â‚¬/kg + 3,60 â‚¬/corte,",REDONDO INOX. A-316 de 80,REDONDO INOX. A-316 de 80,21500800,"80 mm redondo macizo a-316l : 1 pieza l=2.200 mm --> 6,49 â‚¬/kg + 3,60 â‚¬/corte,",redondo inox. a-316 de 80,21500800,1,,m,2.2,
"95 mm redondo macizo a-316l : 1 pieza l=1.200 mm,",REDONDO INOX. A-316 de 95,REDONDO INOX. A-316 de 95,21500950,"95 mm redondo macizo a-316l : 1 pieza l=1.200 mm,",redondo inox. a-316 de 95,21500950,1,,m,1.2,
"8 unidades - reduccion 168,3/88,9 concent.a316,","REDUCCION 168,3/88,9 CONCENT.A316","REDUCCION 168,3/88,9 CONCENT.A316",4B5511683088920,"8 unidades - reduccion 168,3/88,9 concent.a316,","reduccion 168,3/88,9 concent.a316",4b5511683088920,8,,,,
1 TRAMEX 1000X1000 PLETINA VAILLA LUEZ 30 INOX,TRAMEX INOX. 1x1 30/2 10/2 DECAPADO A304,TRAMEX INOX. 1x1 30/2 10/2 DECAPADO A304,191111,1 tramex 1000x1000 pletina vailla luez 30 inox,tramex inox. 1x1 30/2 10/2 decapado a304,191111,1,,,,
1 TRAMEX 2000X1000 PLETINA VARILLA LUZ 30 INOX,TRAMEX INOX. 2x1 30/2 10/2 DECAPADO A304,TRAMEX INOX. 2x1 30/2 10/2 DECAPADO A304,191121,1 tramex 2000x1000 pletina varilla luz 30 inox,tramex inox. 1x1 30/2 10/2 decapado a304,191111,1,,,,
"tubo cuadrado 100x100x5 a-304 --> 12 mts.,",TUBO INOX. 100x100x5 A304 CS,TUBO INOX. 100x100x5 A304 CS,341110050,"tubo cuadrado 100x100x5 a-304 --> 12 mts.,",tubo inox. 100x100x5 a304 cs,341110050,1,,m,12.0,
TUBO HUECO DE 100X40X2MM ACERO INOX AISI-316,TUBO INOX. 100x40x2 A316L,TUBO INOX. 100x40x2 A316L,355110004020,tubo hueco de 100x40x2mm acero inox aisi-316,tubo inox. 100x40x2 a316l,355110004020,,,,,
Tubo Ac.Inox.100x50x3 AISI 304 L=6000,TUBO INOX. 100x50x3 A304 CS,TUBO INOX. 100x50x3 A304 CS,351110005030,tubo ac.inox.100x50x3 aisi 304 l=6000,tubo inox. 100x50x3 a304 cs,351110005030,,,,,
"6 mt tubo 120/120/3 304,",TUBO INOX. 120x120x3 A304,TUBO INOX. 120x120x3 A304,341112030,"6 mt tubo 120/120/3 304,",tubo inox. 120x60x2 a304 2b,351112006020,1,,m,6.0,
Tubo rect 120x60x3 A304 à 6 mts,TUBO INOX. 120x60x3 A304 CS,TUBO INOX. 120x60x3 A304 CS,351112006030,tubo rect 120x60x3 a304 à 6 mts,tubo inox. 120x60x3 pulido a304,351212006030,1,,m,6.0,
"6 mt tubo 200/200/3 304,",TUBO INOX. 200x200x3 A304 CS,TUBO INOX. 200x200x3 A304 CS,341120030,"6 mt tubo 200/200/3 304,",tubo inox. 200x200x3 a304 cs,341120030,1,,m,6.0,
"Tubo Ac.Inox.Ø20x1,5 AISI 304 L=6000","TUBO INOX. 20x1,5 A304 2B DC","TUBO INOX. 20x1,5 A304 2B DC",3311020015,"tubo ac.inox.de 20x1,5 aisi 304 l=6000","tubo inox. 20x1,5  esm. gr220  a304",3318020015,,,,,
"tubo inox a304 20x20x1,5mm 2b = 60 mts,","TUBO INOX. 20x20x1,5 A304 2B","TUBO INOX. 20x20x1,5 A304 2B",341102015,"tubo inox a304 20x20x1,5mm 2b = 60 mts,","tubo inox. 20x20x1,5 a304 2b",341102015,1,,m,60.0,
"TUBO INOX A304 20x20x1,5mm = 6 mts","TUBO INOX. 20x20x1,5 A304 2B","TUBO INOX. 20x20x1,5 A304 2B",341102015,"tubo inox a304 20x20x1,5mm = 6 mts","tubo inox. 20x20x1,5 a304 2b",341102015,1,,m,6.0,
"TUBO INOX A304 25x1,5mm = 24 mts","TUBO INOX. 25x1,5 A304 2B DC","TUBO INOX. 25x1,5 A304 2B DC",3311025015,"tubo inox a304 25x1,5mm = 24 mts","tubo inox. 25x1,5 a304 2b dc",3311025015,1,,m,24.0,
"tubo inoxidable 2b 30x10x1.5 120 ml,","TUBO INOX. 30x10x1,5 A304 2B","TUBO INOX. 30x10x1,5 A304 2B",351103001015,"tubo inoxidable 2b 30x10x1.5 120 ml,","tubo inox. 30x10x1,5 a304 2b",351103001015,1,,m,120.0,
"Tubo Ac.Inox.30x15x1,5 AISI 304 L=6000","TUBO INOX. 30x15x1,5 A304 2B","TUBO INOX. 30x15x1,5 A304 2B",351103001515,"tubo ac.inox.30x15x1,5 aisi 304 l=6000","tubo inox. 30x15x1,5 a304 2b",351103001515,,,,,
"tubo inoxidable 2b 30x30x1.5 120 ml,","TUBO INOX. 30x30x1,5 A304 2B","TUBO INOX. 30x30x1,5 A304 2B",341103015,"tubo inoxidable 2b 30x30x1.5 120 ml,","tubo inox. 30x30x1,5 a304 2b",341103015,1,,m,120.0,
"10 barras de tubo en acero inox satinado de 30x30x1.5,","TUBO INOX. 30x30x1,5 SATIN. CS A304","TUBO INOX. 30x30x1,5 SATIN. CS A304",341303015,"10 barras de tubo en acero inox satinado de 30x30x1.5,","tubo inox. 30x30x1,5 satin. cs a304",341303015,10,,,,
1 TUBO 30X30X2 AISI 304,TUBO INOX. 30x30x2 A304 2B,TUBO INOX. 30x30x2 A304 2B,341103020,1 tubo 30x30x2 aisi 304,tubo inox. 30x30x2 a304 2b,341103020,1,,,,
2 barras de Ø33.7x1.5 en inox 316.,"TUBO INOX. 33,7x2 A316L TIG 2B","TUBO INOX. 33,7x2 A316L TIG 2B",3151033720,2 barras de de 33.7x1.5 en inox 316.,barra perforada 63x32 a316l,2850063032,2,,,,
"TUBO INOX A304 32x1,5mm = 24 mts (de no disponer, ofertar lo más próximo","TUBO INOX. 33x1,5 A304 TIG 2B","TUBO INOX. 33x1,5 A304 TIG 2B",3111033015,"tubo inox a304 32x1,5mm = 24 mts (de no disponer, ofertar lo más próximo","tubo inox. 32x1,5 a304 2b dc",3311032015,1,,m,24.0,
"tubo inox a304 35x1,5mm satinado,","TUBO INOX. 35x1,5 A304 SATIN. DC","TUBO INOX. 35x1,5 A304 SATIN. DC",3313035015,"tubo inox a304 35x1,5mm satinado,","tubo inox. 35x1,5 a304 satin. dc",3313035015,,,,,
"TUBO INOX A304 40x1,5mm = 24 mts","TUBO INOX. 40x1,5 A304 2B DC","TUBO INOX. 40x1,5 A304 2B DC",3311040015,"tubo inox a304 40x1,5mm = 24 mts","tubo inox. 40x1,5 a304 2b dc",3311040015,1,,m,24.0,
"tubo inox. 40x1,5 a304 pulido dc de 6 metros,","TUBO INOX. 40x1,5 A304 PULIDO DC","TUBO INOX. 40x1,5 A304 PULIDO DC",3312040015,"tubo inox. 40x1,5 a304 pulido dc de 6 metros,","tubo inox. 40x1,5 a304 pulido dc",3312040015,1,,m,6.0,
"tubo inox. 40x1,5 a304 pulido dc de 6 metros,","TUBO INOX. 40x1,5 A304 PULIDO DC","TUBO INOX. 40x1,5 A304 PULIDO DC",3312040015,"tubo inox. 40x1,5 a304 pulido dc de 6 metros,","tubo inox. 40x1,5 a304 pulido dc",3312040015,1,,m,6.0,
"tubo inox. 40x1,5 a304 pulido dc de 6 metros,","TUBO INOX. 40x1,5 A304 PULIDO DC","TUBO INOX. 40x1,5 A304 PULIDO DC",3312040015,"tubo inox. 40x1,5 a304 pulido dc de 6 metros,","tubo inox. 40x1,5 a304 pulido dc",3312040015,1,,m,6.0,
"tubo inox a304 40x1,5mm satinado = 12 mts,","TUBO INOX. 40x1,5 A304 SATIN. DC","TUBO INOX. 40x1,5 A304 SATIN. DC",3313040015,"tubo inox a304 40x1,5mm satinado = 12 mts,","tubo inox. 40x1,5 a304 satin. dc",3313040015,1,,m,12.0,
"Tubo inox Ø40x1,5 mm satinado.","TUBO INOX. 40x1,5 A304 SATIN. DC","TUBO INOX. 40x1,5 A304 SATIN. DC",3313040015,"tubo inox de 40x1,5 mm satinado.","tubo inox. 40x1,5 a304 satin. dc",3313040015,,,,,
"7 tubos de 40*20*1 mm 2b,",TUBO INOX. 40x20x1 A304 2B,TUBO INOX. 40x20x1 A304 2B,351104002010,"7 tubos de 40*20*1 mm 2b,",tubo inox. 40x20x1 a304 2b,351104002010,7,,,,
"10 uds de tubo de 40x20x1.5 aisi 304 brillo,","TUBO INOX. 40x20x1,5 PULIDO A304","TUBO INOX. 40x20x1,5 PULIDO A304",351204002015,"10 uds de tubo de 40x20x1.5 aisi 304 brillo,","tubo inox. 40x20x1,5 pulido a304",351204002015,10,,,,
"tubo 40x20x2 mm inox AISI 304 2B, long = 6000 mm",TUBO INOX. 40x20x2 A304 2B,TUBO INOX. 40x20x2 A304 2B,351104002020,"tubo 40x20x2 mm inox aisi 304 2b, long = 6000 mm",tubo inox. 40x20x2 a304 2b,351104002020,1,,m,6000.0,
"2. 12 metros tubo rectangular 40x20x2 en 316,",TUBO INOX. 40x20x2 A316 CS 2B,TUBO INOX. 40x20x2 A316 CS 2B,355104002020,"2. 12 metros tubo rectangular 40x20x2 en 316,",tubo inox. 40x20x2 a316 cs 2b,355104002020,1,,m,12.0,
"TUBO RECTANGULAR INOX 40X30X1,5","TUBO INOX. 40x30x1,5 A304 2B","TUBO INOX. 40x30x1,5 A304 2B",351104003015,"tubo rectangular inox 40x30x1,5","tubo inox. 40x30x1,5 a304 2b",351104003015,,,,,
"7 tubos de 40*40*1 mm 2b,",TUBO INOX. 40x40x1 A304 2B,TUBO INOX. 40x40x1 A304 2B,341104010,"7 tubos de 40*40*1 mm 2b,",tubo inox. 40x40x1 a304 2b,341104010,7,,,,
"TUBO INOX A304 40x40x1,5mm = 30 mts","TUBO INOX. 40x40x1,5 A304 2B","TUBO INOX. 40x40x1,5 A304 2B",341104015,"tubo inox a304 40x40x1,5mm = 30 mts","tubo inox. 40x40x1,5 a304 2b",341104015,1,,m,30.0,
"60 Mts. TUBO CUADRADO AISI-304L 40 x 40 x 1,5 mm","TUBO INOX. 40x40x1,5 A304 2B","TUBO INOX. 40x40x1,5 A304 2B",341104015,"60 mts. tubo cuadrado aisi-304l 40 x 40 x 1,5 mm","tubo inox. 40x40x1,5 a304 2b",341104015,1,,m,60.0,
"40x40x1.5 tubo cuadrado inxo 304 satinado 18 mtrs,","TUBO INOX. 40x40x1,5 SATIN. CS A304","TUBO INOX. 40x40x1,5 SATIN. CS A304",341304015,"40x40x1.5 tubo cuadrado inxo 304 satinado 18 mtrs,","tubo inox. 40x40x1,5 satin. cs a304",341304015,1,,m,18.0,
"10 barras 40x40x2mm 2b 304,",TUBO INOX. 40x40x2 A304 2B,TUBO INOX. 40x40x2 A304 2B,341104020,"10 barras 40x40x2mm 2b 304,",tubo inox. 40x40x2 a304 2b,341104020,10,,,,
"1 tubos 40x40x2 aisi 304,",TUBO INOX. 40x40x2 A304 2B,TUBO INOX. 40x40x2 A304 2B,341104020,"1 tubos 40x40x2 aisi 304,",tubo inox. 40x40x2 a304 2b,341104020,1,,,,
"tubo 40x40x2 mm inox AISI 304 2B, long = 6000 mm",TUBO INOX. 40x40x2 A304 2B,TUBO INOX. 40x40x2 A304 2B,341104020,"tubo 40x40x2 mm inox aisi 304 2b, long = 6000 mm",tubo inox. 40x40x2 a304 2b,341104020,1,,m,6000.0,
"1. 24 metros tubo cuadrado 40x40x2 en 316,",TUBO INOX. 40x40x2 A316 2B,TUBO INOX. 40x40x2 A316 2B,345104020,"1. 24 metros tubo cuadrado 40x40x2 en 316,",tubo inox. 40x40x2 a316 2b,345104020,1,,m,24.0,
"1 tubo 40x40x3 aisi 304,",TUBO INOX. 40x40x3 A304 CS,TUBO INOX. 40x40x3 A304 CS,341104030,"1 tubo 40x40x3 aisi 304,",tubo inox. 40x40x3 a304 cs,341104030,1,,,,
"12 mts. de tubo cuadrado de 40x40x3 mm.,",TUBO INOX. 40x40x3 A304 CS,TUBO INOX. 40x40x3 A304 CS,341104030,"12 mts. de tubo cuadrado de 40x40x3 mm.,",tubo inox. 40x40x3 a304 cs,341104030,1,,m,12.0,
2 TUBOS 40X40X3 AISI 304,TUBO INOX. 40x40x3 A304 CS,TUBO INOX. 40x40x3 A304 CS,341104030,2 tubos 40x40x3 aisi 304,tubo inox. 40x40x3 a304 cs,341104030,2,,,,
"tubo cuad 40x40x4 a304 --> 6 mts,",TUBO INOX. 40x40x4 A-304 CS,TUBO INOX. 40x40x4 A-304 CS,341104040,"tubo cuad 40x40x4 a304 --> 6 mts,",tubo inox. 40x40x4 a-304 cs,341104040,1,,m,6.0,
1 tubo de 45x45x1.5 a-304,"TUBO INOX. 45x45x1,5 A304 2B","TUBO INOX. 45x45x1,5 A304 2B",341104515,1 tubo de 45x45x1.5 a-304,"tubo inox. 45x45x1,5 a304 2b",341104515,1,,,,
"Tubo cuadrado AISI-304, 50 x 50 x 1,5 mm (REF:TUBO INOX. 50x50x1,5 A304 CS): para 200 metros","TUBO INOX. 50x50x1,5 A304 2B","TUBO INOX. 50x50x1,5 A304 2B",341105015,"tubo cuadrado aisi-304, 50 x 50 x 1,5 mm (ref:tubo inox. 50x50x1,5 a304 cs): para 200 metros","tubo inox. 50x50x1,5 pulido a304 cs",341205015,1,,m,200.0,
"Tubo cuadrado AISI-304, 50 x 50 x 3 mm (REF:TUBO INOX. 50x50x3 A304 CS): para 200 metros",TUBO INOX. 50x50x3 A304 CS,TUBO INOX. 50x50x3 A304 CS,341105030,"tubo cuadrado aisi-304, 50 x 50 x 3 mm (ref:tubo inox. 50x50x3 a304 cs): para 200 metros",tubo inox. 50x50x3 a304 cs,341105030,1,,m,200.0,
Tubo Ac.Inox.50x50x3 AISI 304 L=6000,TUBO INOX. 50x50x3 A304 CS,TUBO INOX. 50x50x3 A304 CS,341105030,tubo ac.inox.50x50x3 aisi 304 l=6000,tubo inox. 50x50x3 a304 cs,341105030,,,,,
"3 uds de tubo de 60x20x1.5 aisi 304 brillo,","TUBO INOX. 60x20x1,5 PULIDO A304","TUBO INOX. 60x20x1,5 PULIDO A304",351206002015,"3 uds de tubo de 60x20x1.5 aisi 304 brillo,","tubo inox. 60x20x1,5 pulido a304",351206002015,3,,,,
"TUBO INOX A304 60x40x1,5mm = 66 mts","TUBO INOX. 60x40x1,5 A304 2B","TUBO INOX. 60x40x1,5 A304 2B",351106004015,"tubo inox a304 60x40x1,5mm = 66 mts","tubo inox. 60x40x1,5 a304 2b",351106004015,1,,m,66.0,
"10 uds de tubo de 60x40x1.5 aisi 304 brillo,","TUBO INOX. 60x40x1,5 PULIDO A304","TUBO INOX. 60x40x1,5 PULIDO A304",351206004015,"10 uds de tubo de 60x40x1.5 aisi 304 brillo,","tubo inox. 60x40x1,5 pulido a304",351206004015,10,,,,
1 TUBO A-316 60X60X1.5,"TUBO INOX. 60x60x1,5 A316 2B","TUBO INOX. 60x60x1,5 A316 2B",345106015,1 tubo a-316 60x60x1.5,"tubo inox. 60x60x1,5 a316 2b",345106015,1,,,,
"4 tubo 60x60x2 inox 304,",TUBO INOX. 60x60x2 A304 2B,TUBO INOX. 60x60x2 A304 2B,341106020,"4 tubo 60x60x2 inox 304,",tubo inox. 60x60x2 a304 2b,341106020,4,,,,
"1 tubo de 60*60*2 mm 2b,",TUBO INOX. 60x60x2 A304 2B,TUBO INOX. 60x60x2 A304 2B,341106020,"1 tubo de 60*60*2 mm 2b,",tubo inox. 60x60x2 a304 2b,341106020,1,,,,
TUBO AC.INOX 60x60x3 AISI 304 L=6000,TUBO INOX. 60x60x3 A304 CS,TUBO INOX. 60x60x3 A304 CS,341106030,tubo ac.inox 60x60x3 aisi 304 l=6000,tubo inox. 60x60x3 a304 cs,341106030,,,,,
1 TUBO 60X60X3 AISI 304 CS,TUBO INOX. 60x60x3 A304 CS,TUBO INOX. 60x60x3 A304 CS,341106030,1 tubo 60x60x3 aisi 304 cs,tubo inox. 60x60x3 a304 cs,341106030,1,,,,
TUBO HUECO DE 80X40X2MM ACERO INOX AISI-316 CS 2B,TUBO INOX. 80x40x2 A316 CS 2B,TUBO INOX. 80x40x2 A316 CS 2B,355108004020,tubo hueco de 80x40x2mm acero inox aisi-316 cs 2b,tubo inox. 80x40x2 a316 cs 2b,355108004020,,,,,
1 TUBO 80X40X3 AISI 304,TUBO INOX. 80x40x3 A304 CS,TUBO INOX. 80x40x3 A304 CS,351108004030,1 tubo 80x40x3 aisi 304,tubo inox. 80x40x3 a304 cs,351108004030,1,,,,
"1) 80 x 80 x 5 mm tubo cuadrado a-304 : 36 metros --> 37,87 â‚¬/mtr.,",TUBO INOX. 80x80x5 A304 CS,TUBO INOX. 80x80x5 A304 CS,341108050,"1) 80 x 80 x 5 mm tubo cuadrado a-304 : 36 metros --> 37,87 â‚¬/mtr.,",tubo inox. 80x80x5 a304 cs,341108050,1,,m,36.0,
